陪安东尼度过漫长岁月 全六册 加赠亲签明信片 当当自营 治愈系天花板，20年的真实故事分享，关于友情、爱情、成长和自我，总能找到共鸣。,¥273.60,¥288.00,安东尼,2024-01-01,湖南文艺出版社,赠品： 1. 故事开始的地方 echo 全新艺术装饰画 2.304P陪安笔记本、印签纪念信 ★治愈系天花板，20年的真实故事分享，温柔又有力量。 ★关于友情、爱情、成长和自我，总能找到共鸣。 ★记录生活中的美好点滴，字里行间都写满了爱。 ★金句俯拾皆是，随手一翻都妙不可言。 ★跟随作者领略生活的冷暖，收获面对生活的勇气和力量。 ★机灵、轻巧的文字，让你觉得：原来我还可以这样想？原来我还能过这样的生活？ ★在充满内卷的时代，太需要这样一本温和的书了。 ★读安东尼的书，像收到远方朋友的来信。 ★20年，他始终在这里，温暖着，陪伴着，鼓舞着。 ★读完觉得很踏实，每一句都想背下来。 ★全新设计，装帧精美，充满爱意与温暖，超适合收藏或送朋友！
小清欢【印特签版+当当定制贴纸】 超人气作家云拿月经典口碑代表作 全新修订版。新增出版番外《似此星辰非昨夜》《晓看天色暮看云》。电影不是爱情，我们才是。随书附赠：清欢电影胶片+眷恋海报+Q萌异形书签+禾佳电影票+电子赠品。,¥26.10,¥42.80,云拿月 著，酷威文化 出品,2023-04-01,江苏凤凰文艺出版社,超人气作家云拿月经典口碑代表作，全新修订版，新增出版番外《似此星辰非昨夜》《晓看天色暮看云》。 明媚阳光 齐欢 清冷腹黑 陈让，双向救赎 久别重逢 情有独钟，电影不是爱情，我们才是。 那一年的齐欢一往无前，她教会陈让什么是爱情。他听了信了，从那时一直信到现在。今后，也将永远相信。 精美双封，烫金工艺，质感颜值双双在线，超值收藏。 随书附赠：清欢电影胶片 眷恋海报 Q萌异形书签 禾佳电影票 电子赠品。
红：陪安东尼度过漫长岁月Ⅰ 全新典藏版 我一直一直在想你 思念带来前所未有的甜蜜,¥45.60,¥48.00,安东尼,2024-01-01,湖南文艺出版社,★拥有全世界最多的朋友！ 跨越20年的真实故事，生活记录系列 2005 2024 SOMETHINGNEW 真实故事 | 生活记录 | 刻下记号的瞬间 | 漫长岁月的陪伴 回望二十年的时间 虽不能说 感觉就在昨天 但总感觉 只要伸长胳膊就能触摸到 所谓的漫长岁月 都在你们的陪伴中 无声地 却又风驰电掣地度过了 ★ 颜控不能错过的一套书！！ 用心装帧 精品打造：双封 护封双面印刷，可翻转折叠成新封面 同色系锁线裸背脊 ★ 不讲大道理！不是聪明书！这本书像一个拥抱，温柔且长久地陪伴着你！ 这本书没有什么大道理 好像也没有能帮你加持打怪的工具 或许你在阅读的过程里 一些温柔会浮上水面 希望这种温柔可以一直陪伴 保护着你
没有明天的我们，在昨天相恋【当当定制衔尾蛇镭射怀表X2】第八届网络小说大奖获奖作品 高口碑作者星火燎原双向救赎青春物语。媲美新海诚《你的名字》治愈催泪奇幻之作。人生毫无意义，直到我遇见你。这满溢而出的爱意，正是我梦寐已久的命运。随书赠：时间回溯卡+希望骰子+拯救观察记录。――酷威文化,¥26.10,¥42.80,[日]星火燎原 著，酷威文化 出品,2025-04-01,北京日报出版社,高口碑作者星火燎原双向救赎青春物语。第八届网络小说大奖获奖作品、 成为小说家吧 恋爱类月榜TOP1。 一块能够回溯时间的怀表，一场生死不渝的恋爱，媲美新海诚《你的名字》治愈催泪奇幻之作。我会救你，千千万万次；我会爱你，于生命之上。 人生毫无意义，直到我遇见你。这满溢而出的爱意，正是我梦寐已久的命运。 这本书里有初恋、成长、迷茫与希望，希望你哭过之后，能够燃起前进的勇气，勇敢地面对命运。 随书附赠：时间回溯卡 希望骰子 拯救观察记录。
那个不为人知的故事 Twentine（无量渡口）BE美学代表作品 超人气作者Twentine（无量渡口）经典之作，全文精心修订，直击心底深处的柔软。 这是杨昭和陈铭生的故事，这是卧底缉毒警察的故事。 你始终不曾离去，你永远在我心底。 ――酷威文化,¥42.00,¥42.00,Twentine 著，酷威文化 出品,2020-10-01,四川文艺出版社,★超人气作者Twentine（无量渡口）经典催泪之作，全文精心修订，直击心底深处的柔软。 ★豆瓣评分8.6，微博评分9.9，同名影视正在筹拍中，千万粉丝翘首企盼。 ★这是关于杨昭和陈铭生的故事，一个女人爱上了一个男人，普通、简单，又格外直白；这是关于卧底缉毒警察的故事，如此平凡，又如此伟大。 ★这世间很难有一个杨昭，却注定有千千万万个陈铭生。他们被人铭记，也被人遗忘，却一直向前，不曾回头。 ★他是她的理想国，她是他的憩息所。 有生之年，幸得有你。无惧黑暗，只待白日。 ★随书附赠精美祈愿卡
朝俞1+2伪装学渣 限定正面白版护封+背面黑版护封套装 青春畅销小说实体书 当当自营,¥79.60,¥79.60,木瓜黄；力潮文创,2023-05-01,广东旅游出版社,★原版销量超百万册！精心修订，重版再来！晋江年度榜上有名现象级青春小说！ ★外封珠光纸工艺 内封特种纸烫金独立别致设计，精美印刷。书中含作者木瓜黄印特签版回馈新老读者 正背彩色插图拉页。 ★随书赠： 特种纸藏书票1枚 大海报1张 朝俞同框卡1张
红酒绿 苏他代表作 人气作者苏他浪漫温情之作，新增出版番外《嘘》。潜水艇会遇见飞行器，我会爱你。随书附赠：银河海报+灯风明信片+苏他印签拍立得+Q萌折立卡+“呼唤雨”船票+电子赠品。――酷威文化,¥36.40,¥42.80,苏他 著，酷威文化 出品,2023-04-01,江苏凤凰文艺出版社,人气作者苏他浪漫温情之作，诚意新增6000字出版番外《嘘》。 潜水爱好者夏灯 航天工程学霸游风。暗恋成真 双向奔赴。潜水艇会遇见飞行器，我会爱你。 他是她的骑士，终成为她的船长。 精美双封，护封双面印刷，书名烫红工艺，美感质感双在线。 随书附赠：银河海报 灯风明信片 苏他印签拍立得 Q萌折立卡 呼唤雨 船票 电子赠品。
奇洛李维斯回信（高人气作者清明谷雨口碑代表作！） 富士山不远，月亮也真的可以私有。新增出版两万字番外《成人礼礼物》 ，附赠“万水千山”拍立得两张、“回信”名场面明信片、作者手写信、新增番外信、“宝莉湾一期发布会”邀请函,¥38.60,¥56.00,清明谷雨 著，博集天卷 出品,2025-07-01,上海文化出版社,★原创人气文学，高人气作者清明谷雨口碑代表作！富士山不远，月亮也真的可以私有。 ★随书附赠 万水千山 拍立得两张、 椰子 和 回信 名场面两张、作者手写信、新增番外信、 宝莉湾一期发布会 邀请函、 菠萝山竹 打卡板和猫猫小卖铺Q版贴纸。 ★新增出版两万字番外《成人礼礼物》。 ★内文选用73g米黄胶版纸，质感细腻。内含精美彩插。 ★封面可四层拆封，双封设计，封面烫金工艺，精致考究，具有收藏价值。
他笑时风华正茂【印特签版+当当专享印制作者手写明信片】舒远 舒远青春暗恋口碑代表作，新增番外《朝花夕誓》《独自等待》《一生挚爱》。浪子回头 池铮×温软情深 孟盛楠。这风华正茂的日子，我想让他迷途知返。随书附赠：读书卡+暗恋光栅卡+抽拉卡+DIY回忆定制复读机。,¥36.40,¥42.80,舒远 著，酷威文化 出品,2023-11-01,江苏凤凰文艺出版社,人气作者舒远青春暗恋口碑代表作 全新修订版，新增番外《朝花夕誓》《独自等待》《一生挚爱》。 浪子回头池铮 温软情深孟盛楠。青春暗恋 久别重逢 浪子回头 情意绵长。这风华正茂的日子，我想让他迷途知返。 那一年，孟盛楠遇见了那个洒脱不羁的少年。暗恋池铮的第八年，他们恋爱了。蓝天下，风吹过八千里，我们还是我们。 精美双封，护封双面印刷，镭射烫银工艺，超高颜值，质感加持，极具收藏价值。 随书附赠：读书卡 暗恋光栅卡 走近你 抽拉卡 DIY回忆定制复读机 电子赠品。
渡厄【印签版+当当定制信纸x2】杨溯 人气作者杨溯全新古风力作，新增出版番外《新生》。愿此生漫长寂静里，我们后会有期。随书附赠：驱厄御守+人设书签+如故立体摆件+电子赠品。――酷威文化,¥42.30,¥49.80,杨溯 著，酷威文化 出品,2024-01-01,天地出版社,人气作者杨溯全新古风力作，作品收藏10万 ，人气热度2700万 ，读者书评6万 ，新增出版番外《新生》。 傲娇大佬百里决明 美人徒弟谢寻微。徒儿，从今往后，师尊为你而活！ 苍苍有灵，念吾所愿。若得吾师重归人世，吾愿用生命交换！ 这一次，无论如何，他不会再逃跑。师尊，我来了。 随书附赠：驱厄御守 人设书签 如故立体摆件 电子赠品
蓝：陪安东尼度过漫长岁月VI（首发加赠当当限定赠品：PET菲林胶片x2张）陪安系列的15年暖心陪伴 百万畅销书陪安系列《红》《橙》《黄》《绿》《青》重磅力作！“我喜欢我是流动的”,¥45.60,¥48.00,安东尼,2023-04-01,湖南文艺出版社,★随书赠品：普鲁斯特问卷*1、不二兔折立卡*2、不二兔异形卡片*1、lomo拾光卡*2、PET菲林胶片*2（限首发！） ★百万畅销书 陪安 系列《红》《橙》《黄》《绿》《青》重磅力作！ ★陪安系列倒数第二本，15年暖心陪伴 即使它是蓝色的 也要清楚的记得每一页都有光 记住朋友的问候 真心的笑容 坚强面对困难的决心 对陌生人的关怀 带着这样的心情 可以拥抱每一个颜色 还有后一本 有点火车快要到站的感觉 我们终点的站台见 好好拥抱 道别 ★高清美图珍藏，打造优质精品图书 ★联手插画艺术家，打造丰富、独特赠品 ★封面240g进口超感纸、彩插100g 进口超感纸，精美装帧，至臻典藏 ★ 陪安 系列书《红》《橙》《黄》《绿》典藏版持续发力 我喜欢我是流动的 2020 2022 SOMETHING NEW 真实故事 | 生活记录 | 刻下记号的瞬间 | 漫长岁月的陪伴
元气少女缘结神：鞍马山夜话（甜蜜少女系漫画官方中文纪念版首次上市！） 日方正版授权全新内容收录，撩动万千观众的少女心！对我来说，只要能守护你，就已足矣。元气土地神奈奈生和傲娇狐狸巴卫君甜暖来袭！酷威文化。,¥27.90,¥32.80,（日）Haruka子安秀明，酷威文化 出品,2017-01-01,百花洲文艺出版社,★ 火爆中日，甜蜜少女系漫画《元气少女缘结神》，官方治愈小说中文经典纪念版首次上市！秒杀你无处安放的少女心！ ★全新内容收录其中，外加精美的插图，让你体会不一样的元气少女！ ★元气少女奈奈生遇上傲娇闷骚狐狸巴卫君，漂泊已久的少女心终于找到了灵魂的港湾。他用他的一生，陪伴了她整个岁月。 ★我爱她，这个世界*重要的，就算拿任何东西交换也好，也想共度此生。 ★我要保护她不受伤害，更不去伤害她。 重磅推荐： 《夏目友人帐》：高人气治愈系经典动漫初次小说化，中国官方正版授权。夏目、猫老师温暖归来。 《余生请多指教》：万千读者口碑相传的暖心之作。真实恋爱成长回忆录，让人不由自主就会幸福得笑出声来。 《醉流年》：云葭口碑仙侠力作，网络连载点击超百万！中国风仙侠音乐才女董贞，知名新武侠作家藤萍
陪安东尼度过漫长岁月,¥26.40起,-,,,,
他在云之南 印特签 景行高人气经典口碑力作 相遇十年典藏版 新增万字番外+作者前言,¥49.80,¥49.80,景行 著 欣梦享 出品,2025-06-01,江苏凤凰文艺出版社,◆景行高人气经典口碑力作，意难平天花板，催泪感人。 ◆ 相遇十年 典藏版。新增万字番外 作者前言，特别收录祖安的从前 沈寻的之后 程立的情书。 ◆番茄小说超740万人阅读，近10万读者盛赞，评分高达9.8分! ◆随书附赠：程立未寄出的手写情书 作者手写祝福卡 4张主角人设卡。 ◆8P典藏版彩插，还原名场景，【北京家中的露台拥抱】【瑞山陀塔看日出】。彩插最后一页，特别印制作者手写金句。 ◆程立，你要不要回来娶我，一个易拉罐拉环就可以求婚。 ◆在我一生中最黑暗的时光，有一个女人这样偏执地爱着我。 ◆内外双封，外封以机票为元素，程立从云南飞北京的回程票。内页采用 飞上云霄，隐入天际 动态页眉。细节满满，用纸精良，极具收藏价值。
青：陪安东尼度过漫长岁月5 治愈系作家安东尼“陪安”系列《红》《橙》《黄》《绿》后全新力作，它是我给你的一封情书，随着我的成熟，心上人正在越来越走近我 喜欢我，长久地和我在一起。,¥45.60,¥48.00,安东尼,2022-04-01,湖南文艺出版社,★ 畅销书 陪安 系列 《红》《橙》《黄》《绿》力作！★写给你的一封情书，高清美图珍藏，打造优质精品图书 ★作者 手写句子的 印签，暖心陪伴 ★联手插画艺术家，打造 丰富、独特赠品 ★ 精美装帧，至臻典藏 它是我给你的一封情书 随着我的成熟 心上人正在越来越走近我 喜欢我 长久地和我在一起
别踮脚我低头印签版 当当定制关于你的拍立得 纯爱言情作者君不弃校园甜宠悸动之作 网络原名她不乖要哄 是心跳不停，是爱意难熄，是她一踮脚，江丞就会低头的笃定。新增出版番外《三个心跳》《朝朝暮暮》。随书附赠：唯爱海报+夏时令贴纸+京大绯闻论坛卡+电子赠品――酷威文化,¥42.80,¥42.80,君不弃 著，酷威文化 出版,2025-10-01,百花文艺出版社,纯爱言情作者 君不弃 校园甜宠悸动之作，新增出版番外《三个心跳》《朝朝暮暮》。 校园青春 甜宠爱恋 欢喜冤家 豪门世家。是心跳不停，是爱意难熄，是她一踮脚，江丞就会低头的笃定。 季书怡是江丞克制的一生里无法控制的贪念。 随书附赠：唯爱海报 夏时令贴纸 京大绯闻论坛卡 电子赠品。
青：陪安东尼度过漫长岁月Ⅴ 全新典藏版,¥45.60,¥48.00,安东尼,2024-01-01,湖南文艺出版社,
退烧（全二册）舒虞浪漫新作 当当定制精美卡贴2张。新增出版番外《路无坷的告白信》、《那次分手》、《zui后悔的事》。从此以后路途再坎坷，我也只懂得朝你狂奔。随书附赠：拉力赛券+坷坷奶茶坊+小情书+“爱他”书签――酷威文化,¥69.80,¥69.80,舒虞 著，酷威文化 出品,2021-10-01,江苏凤凰文艺出版社,暖心人气作家舒虞浪漫飙爱之作，新增出版番外《路无坷的告白信》《那次分手》《zui后悔的事》。 狂放不羁 沈屹西vs 璀璨夺目 路无坷，浪漫的深情，是非你不可。 他们早在这俗世里有了纠葛，在后来漫长的岁月里终究还是狭路相逢。 从此以后路途再坎坷，我也只懂得朝你狂奔。 随书附赠：拉力赛券 坷坷奶茶坊 小情书 爱他 书签。
与岁长宁 上册 追光救赎 高口碑古言 嫁反派 娇娇贵女x乖张美强惨 反派 男主 她是他心尖上的善念 是刻在他伤痕上的名字 超人气追光救赎古言《嫁反派》。她是他心尖上的善念，是刻在他伤痕上的名字。玲珑剔透娇娇贵女×偏执乖张美强惨男主/梨花雪素美古雅双封，随书赠信物藏书票/事事皆如意，岁岁常安宁（风炫文化）,¥31.20,¥48.00,布丁琉璃，风炫文化 出品,2023-05-01,江苏凤凰文艺出版社,★ 指甲盖那么一点干净的良心，都捧给岁岁了。 病娇 款偏执情深男主角排行榜前五之作，晋江高人气作者布丁琉璃口碑出圈力作！ ★ 网络原名《嫁反派》， 狂揽网站30万 收藏，破37亿积分，2.4万人追读留评，2022晋江年度古言佳作，金榜TOP古言！晋江历年全站古言总榜收藏前25！ ★ 娇娇贵女 乖张美强惨 反派 男主，人设突出，极具魅力！甜虐交织的情节，文字极具画面感！ ★实体书全文精修增订！完结篇将收录一万三千字未曝光番外！ ★ 小狼会经历很多事，遇见许多善良之人。他会渐渐变得强大、聪慧、所向披靡。 这是她为小狼选的结局。 结发为夫妻，能与一人生同衾、死同穴，同心不离，乃世间至美之事。 他想让她开心。想用尽一切或卑劣或正常的手段，将自己永远地烙在虞灵犀的心上，让她每每想起今日都会心潮
渡夏天 “温柔”小仙女许微樱x“纯情”大帅哥段峋，暗恋成真的青春热恋――夏日定格，我们好久不见。,¥36.40,¥42.80,甜野豹，大鱼文化,2024-11-01,江苏凤凰文艺出版社,久别重逢/暗恋成真/直球互撩 热恋，不止夏天。 【温柔】小仙女 许微樱 【纯情】大帅哥 段峋 恋爱后，许微樱发现段峋给她的备注是 My Cookie Can ，我的饼干罐。 她对此百思不得其解。 直到发现 他的饼干罐只用来装重要的宝贝。 My Cookie Can意为我的宝贝。 你黑暗中喜欢我，才令我绽放花火。
蓝：陪安东尼度过漫长岁月VI 全新典藏版,¥45.60,¥48.00,安东尼,2024-01-01,湖南文艺出版社,
人鱼陷落：完结篇 畅销书作者麟潜口碑代表作！ 比起我曾经想要的，我更希望他一生热情不灭，悲悯不移。出版新增番外二则《意外任务》《如何正确辨认小兔球》， 附赠拍立得两张、“白蔼星”卡牌、“快乐小分队”书签、Q版异形小卡七张、九人大拉页和Q版贴纸。,¥52.80,¥52.80,麟潜 著，博集天卷 出品,2024-07-02,上海文化出版社,★原创人气文学，畅销书作者麟潜口碑代表作。比起我曾经想要的，我更希望他一生热情不灭，悲悯不移。 ★随书附赠多种赠品：拍立得两张、 白蔼星 卡牌、 快乐小分队 书签、Q版异形小卡七张、九人大拉页和Q版贴纸。 ★新增出版番外二则《意外任务》《如何正确辨认小兔球》。 ★内文选用73g米黄胶版纸，质感细腻。内含精美彩插。 ★比起我曾经想要的，我更希望他一生热情不灭，悲悯不移。 ★双封设计，书名烫金工艺，精致考究，具有收藏价值。
《你是长夜，也是灯火》典藏版 晋江现实向京圈文经典代表作《你是长夜，也是灯火》典藏版 一生平庸，一生迷恋杨谦南。,¥45.60,¥48.00,岁惟 著；力潮文创,2024-02-01,三秦出版社,她可以再等无数场雨，却再也不会在雨中遇到他。 看完后，我心久久不能平静，在放空时总会想到杨老板和凛凛的故事。全文若用一句话概括，我觉得开篇那句完美的概括了他们的相遇、相知、相伴 一场处心积虑的意外。 有人不喜这个故事可能是因为故事太真实、人物太现实。可我们的生活不就是这般吗？作者的文宇平淡且有力，温柔却又不失刚硬。她用细腻的文字为我们讲述了一个平凡却又不凡的故事。他们的目的都不纯粹，我却觉得刚刚好，若没有这目的性，那处心积虑何在？ 意外，我觉得是在杨谦南。像文中所说有些人命好到连爱都不需要，杨谦南便是如此，他看众生都漠然，爱，对他来说，算得了什么。可就是这样一个人，会为凛凛吃醋，会回头找她，会为她拦下一架 飞往曼哈顿的飞机，只为挽留她，那些时候，我觉得他是爱的，可他却能泰然自
人鱼陷落全五册（畅销书作者麟潜口碑代表作！）,¥264.00,¥264.00,麟潜 著，博集天卷 出品,2024-07-02,上海文化出版社,
橙：陪安东尼度过漫长岁月Ⅱ 全新典藏版,¥45.60,¥48.00,安东尼,2024-01-01,湖南文艺出版社,
与岁长宁.下册.完结篇（超人气追光救赎古言《嫁反派》。新增未公开番外13000字。你是我的夫君，不是怪物。你只是不能像爱 与岁长宁.完结篇（追光救赎/高口碑古言《嫁反派》。娇娇贵女×乖张美强惨“反派”男主。卫七是全心全意独属于“小姐”的少年）,¥31.20,¥48.00,布丁琉璃，风炫文化 出品,2023-05-01,江苏凤凰文艺出版社,★网络原名《嫁反派》，狂揽网站31万 收藏，破37亿积分，2.4万人追读留评，2022晋江年度古言佳作，金榜TOP古言！晋江历年全站古言总榜收藏前25！作品超话数超4300人！数据不断上涨中！ ★ 在这个世界里，他没有在将军府与虞灵犀朝夕相处，七夕夜没有与她在阁楼上放祈愿灯，没有人跨越坎坷荆棘而来，将他从地狱拉回人间 本王等了你八个月零九天。你食言了，灵犀。不过无碍，这次，本王去找你。 病娇 款偏执深情男主角类型文学口碑之作！虐心催泪的救赎剧情，碧落黄泉、生死不离的情感，极为动人。 ★ 主副CP人设形象鲜明，个性突出，圈粉无数。 主CP 温柔坚定聪慧岁岁vs乖张狠戾 反派 七殿下宁殷，岁岁年年，长宁相守。 副CP 活泼洒脱清平乡君唐不离VS内敛深沉冷面探花郎周蕴卿，前世无缘，今生再续。 ★ 实体书全文精修增订！完
深情眼（全2册） 原书名：我有多爱你，这个世界就有多爱你。晋江高人气作者耳东兔子继《我曾在时光里听过你》后，2020年全新力作，作品积分超40亿，收藏10万+。,¥56.80,¥59.80,耳东兔子 著， 悦读纪 出品,2020-11-01,青岛出版社,1.我有多爱你，这个世界就有多爱你。 2.她想捂住他的热血，扶正他的骨，做他的靠山，让他无拘无束、自由如风。她总觉得十年太长，能磨灭太多爱恨，后来才发现，原来这世上还有一个人，是她可以见一次就心动一次的。 3.那是一种连菩萨都无可奈何、明目张胆的偏爱。无论如何，你都是我人间流的存在。 4.晋江高人气作者耳东兔子继《三分野》《我曾在时光里听过你》后，2020年全新力作，作品积分超40亿，收藏10万 。
晋江人气作者木羽愿高口碑双向奔赴代表作《纵我情深》破镜重圆vs蓄谋已久，全文高甜！新增出版番外《婚后生活》，续写“傅姜夫,¥45.00,¥45.00,木羽愿，风炫文化 出品,2023-02-01,安徽文艺出版社,☆晋江人气作者木羽愿高口碑双向奔赴代表作，破镜重圆vs蓄谋已久，全文高甜！ ☆ 明艳动人小狐狸 姜知漓X 矜贵深情忠犬 傅北臣，在不为人知的地方 他们爱了对方一年又一年。 ☆八年分别，深情守候，你以为的不期而遇也许是某个人的蓄谋已久，时间不等人，等你的人，是我。 ☆新增出版番外《婚后生活》，续写 傅姜夫妇 的甜蜜生活。 ☆随书附赠：主角人设卡
人鱼陷落（高人气作者麟潜口碑代表作！） “如果人类让你疼痛，我只会让你更痛，所以，首先记住我。”新增番外多人视角《小白归队纪事》。随书附赠多种赠品：作者手写信、“白兰地”卡牌、ATWL考试入场券和Q版贴纸。,¥52.80,¥52.80,麟潜 著，博集天卷 出品,2022-07-01,湖南文艺出版社,★长佩原创人气文学，高人气作者麟潜口碑代表作。他住在洪都拉斯的海。 ★随书附赠多种赠品：作者手写信、 白兰地 卡牌、ATWL考试入场券和Q版贴纸。 ★出版图书新增番外多人视角《小白归队纪事》。 ★内文选用70g米黄胶版纸，质感细腻。内含精美彩插： 随便打打 和 双人行 。 ★ 如果人类让你疼痛，我只会让你更痛，所以，首先记住我。 ★双封设计，书名烫银工艺，精致考究，具有收藏价值。
打火机与公主裙(荒草园+长明灯)全2册 Twentine著 陈飞宇、张婧仪 主演影视剧“点燃我，温暖你”原著小说 荒草园深处，长明灯微亮。这是他战无不胜的荣光，是她奋不顾身的信仰，也是岁月静好，地阔天长。晋江年度口碑作者Twentine口碑力作，同名影视剧重磅打造中！圆满大结局、新增万字番外,¥55.50,¥74.00,Twentine 著， 悦读纪 出品,2017-08-01,青岛出版社,★Twentine，晋江新生代*口碑作者，被评为2015年度新锐作家，拥有超高人气，总积分累积41亿，读者心目中的业界良心，作品常被各大读书号五星推荐。 ★该作品长期稳居晋江各大榜单前十，收藏数34621，非V点击量2310556，积分高达859241472，一度引爆读者话题，新浪话题阅读量199.6万，讨论3.3万，对同名影视剧具有超高期待！ ★这里有一群人带你感受*真挚的爱情，*纯粹的青春，*残酷的人生，融爱情哲学和生活哲理于一体，值得深入阅读，细细品味！ ★她说： 不管感情怎么样，我始终相信你是个真正的天才，所以我才会来。 ★她对佛说： 我可能要干一件很不孝顺的事了。 佛安安静静看着她。 朱韵： 我不知道我做得是对是错，但我一定得做，我不能再言而无
《阿也（全二册）》刷边典藏版 我喜欢你的信息素 引路星 全新番外 《阿也（全二册）》刷边典藏版 我喜欢你的信息素 引路星 全新番外,¥75.60,¥79.60,引路星；力潮文创,2024-01-01,长江出版社,
纸飞机1+2,¥75.60,¥79.60,潭石,2021-10-19,广东旅游出版社,《少年绘》、长佩文学联合推荐
人鱼陷落3（长佩原创人气文学，高人气作者麟潜口碑代表作！） 长佩原创人气文学，畅销书作者麟潜口碑代表作。我不喜欢向误解者解释，海有潮汐，真相会随着落潮浮出水面，而我等得起。,¥52.80,¥52.80,麟潜 著，博集天卷 出品,2023-07-01,上海文化出版社,★长佩原创人气文学，畅销书作者麟潜口碑代表作。我不喜欢向误解者解释，海有潮汐，真相会随着落潮浮出水面，而我等得起。 ★随书附赠多种赠品：拍立得两张、 星球 卡牌两张、欢渔节门票、Q版方卡两张和Q版贴纸。 ★出版图书新增番外《劫机事件》。 ★内文选用73g米黄胶版纸，质感细腻。内含精美彩插。 ★我不喜欢向误解者解释，海有潮汐，真相会随着落潮浮出水面，而我等得起。 ★双封设计，书名烫金工艺，精致考究，具有收藏价值。
最好的我们：全三册（八月长安“振华中学”系列代表作，十周年典藏版。新增 10P后记《罗德赛塔西亚是一封情书》） 附赠：烫金邮票四张、人物关系图、学生证两张和“耿耿余淮”Q版贴纸。耿耿，我们做同桌吧。我们做同桌吧，我们一直做同桌吧。,¥128.00,¥128.00,八月长安 著，博集天卷 出品,2023-12-01,湖南文艺出版社,★八月长安 振华中学 系列代表作，十周年典藏版。 ★随书附赠多种赠品：烫金邮票四张、人物关系图、学生证两张和 耿耿余淮 Q版贴纸。 ★出版新增10P后记《罗德赛塔西亚是一封情书》。 ★内文选用73g米黄胶版纸，质感细腻。 ★十七岁，在大部分人看来都是一个充满希望的年纪。未来还没有到来，一切的灿烂期待好像都可以合理存在。 ★四封设计，书封烫镭射银工艺，精致考究，具有收藏价值。
骄阳似我下 完结篇 印签版 青春言情小说畅销书作家顾漫 宋威龙、赵今麦主演同名电视剧 出版《何以笙箫默》《微微一笑很倾城》《杉杉来吃》《你是我的荣耀》等多部人气畅销书的作家顾漫经典不可错过的爱情小说,¥19.80,¥36.00,顾漫 |华文天下出品,2024-02-02,九州出版社,.出版《何以笙箫默》《微微一笑很倾城》《杉杉来吃》《你是我的荣耀》等多部人气畅销书的作家顾漫经典不可错过的爱情小说！ 2.《骄阳似我》迎来大结局，甜蜜完结，不可错过！ 3.聂曦光 林屿森，携手共进，奔赴 为你而来 的双箭头爱情。 4.质感升级，选用新版内文纸，更护眼。烂漫的环衬纸，增加浪漫氛围。 5.随书附赠 骄阳似我海报*1、名场景明信片*2
我不喜欢这世界，我只喜欢你修订版 乔一 畅销百万册！由吴倩张雨剑主演的超甜电视剧我只喜欢你原著小说 畅销400万册！至臻纪念！愿你永怀善意，清澈明朗。,¥29.90,¥39.80,乔一 著，中南天使 出品,2019-05-14,湖南少年儿童出版社,畅销 400万册 至臻纪念 愿你永怀善意，清澈明朗。 改编剧《我只喜欢你》由吴倩 ?张雨剑 ?赵志伟 ??马栗 领衔主演 在这善变的人世间，想和你看一看永远。 一个女孩挫折不断的成长，和一个男孩的温柔守护。 一场懵懂恋爱，成为生命中的一束光，相互照亮彼此， 从校服到婚纱，爱让我们成为更好的人。
你失信了 BE美学爱好者绝对不能错过的宝藏小说―― 人气作者十清杳高口碑代表作《你失信了》，暗恋的戏要做全，所以我喜欢了他岁岁年年。,¥36.40,¥42.80,十清杳，大鱼文化,2022-12-01,四川文艺出版社,1.微博、小红书、抖音等平台众多读者自发推荐，BE美学爱好者不能错过的宝藏小说 人气作者十清杳高口碑代表作《你失信了》，暗恋的戏要做全，所以我喜欢了他岁岁年年。 2.实体书出版独家惊喜 作者十清杳精心续写，填补回忆中的那些未尽之意，全书新增四万字未公开内容！ 3.意难平 敏感少女向榆VS天之骄子宋怀时， 如果可以再回到十七岁，这次我们能牵手吗？ 开始是双向暗恋，双向奔赴。 向榆和宋怀时年少相遇，向榆小心翼翼地掩饰自己的心动，以为这是一场自己的单恋；但她不知道，其实宋怀时也在一步步走向她。两人在彼此赤诚、飞扬的青春里留下了美好的回忆。 后来是遗憾，是错过，是不再见。 但家庭的破碎、学业的负担，来自现实的种种压力让向榆退缩了，她是胆小鬼，喜欢了宋怀时岁岁年年，这回却没有勇敢地走向他一次。
缠 网络原名《真香》 ，《二锅水》作者烟猫与酒“治愈”向代表作 年度情感催泪大戏，一段“心”连接的亲情 当当自营 《缠》（网络原名《真香》）《二锅水》作者烟猫与酒“治愈”向代表作 年度情感催泪大戏，一段“心”连接的亲情。,¥45.00,¥45.00,烟猫与酒,2024-07-10,成都时代出版社,1.特殊领养家庭中的恩怨纠葛，于情感的牢笼中挣扎、成长的故事。 一个无父无母，一个妻离子亡。两人重组的家庭并非充满温情，而是充满不足为外人道的爱恨纠缠。 2.人气现实小说作者 烟猫与酒 又一沉郁治愈之作，《栖光》（原名《大小姐》）同背景系列故事，虐身虐心，酸涩难当。 3.ZUI具张力的拉扯，禁忌、背叛、纠缠，挑动敏感神经。 于父亲。若爱他，便是对亲生儿子的背叛；但恨他的源头，却由自己亲手造就。 于养子。被视为心脏的容器，却仍控制不住地渴望爱。生命短暂，不如将其燃烧。 4.装帧精美，诚意满满。 高克重晶采冰白外封 双色烫金工艺，独具匠心。 5.插图精美，赠品丰富 随书附赠： 双面印特签卡*1 珠光字笺*2 久别 电影胶片卡*1
太岁（《杀破狼》《残次品》《默读》《镇魂》作者、高人气畅销书作家Priest无CP力作） 高人气畅销书作家Priest无CP力作。全文修订，新增出版番外《路遥可有知己，世间谁人识君》。大火不走，蝉声无尽，宁死霜头不违心。随书附赠Q版贴纸+人物海报*2+“转生木”藏书票+鉴花柬+征选帖,¥46.80,¥55.00,Priest 著，博集天卷 出品,2024-07-01,湖南文艺出版社,★《杀破狼》《残次品》《默读》《镇魂》作者、高人气畅销书作家Priest无CP力作。一部为万千网友交口称赞的长篇小说。 ★收录全新出版番外《路遥可有知己，世间谁人识君》，悠悠凡尘、亿万蝼蚁。都是出身罢了。 ★独特的世界观。以蒸汽朋克设定为背景，构建全新的 修真 概念！行成一个修真与世俗联结、灵气与技术并存的独特世界观。 ★采用双封设计，镂空模切，书名压凹。高规格印制工艺，打造收藏级诚意装帧。高规格内文用纸，精致的版式设计，多幅惊喜插图，力求提供沉浸式阅读体验。 ★随书附赠作者印签签名 书中名句。 ★多重随书赠品，细节满满，惊喜超值：Q版贴纸 人物海报*2 转生木 藏书票 鉴花柬 征选帖。 ★大火不走，蝉声无尽。宁死霜头不违心。
人鱼陷落2（高人气作者麟潜口碑代表作！） 黑暗中有白刺玫会陪你。新增萌趣番外《猫薄荷》，附赠主题海报、“炒瓜子”卡牌、IOA特工牌、“白刺玫”藏书票和Q版贴纸。,¥52.80,¥52.80,麟潜 著，博集天卷 出品,2023-02-01,上海文化出版社,★原创人气文学，高人气作者麟潜口碑代表作。黑暗中有白刺玫会陪你。 ★随书附赠多种赠品：主题海报、 炒瓜子 卡牌、IOA特工牌、 白刺玫 藏书票和Q版贴纸。 ★出版图书新增萌趣番外《猫薄荷》。 ★内文选用73g米黄胶版纸，质感细腻。内含精美彩插： 白兰地 和 白刺玫 。 ★黑暗中有白刺玫会陪你。 ★双封设计，书名烫银工艺，精致考究，具有收藏价值。
《别来无恙》晋江文学城畅销书作家 北南 经典虐心作品原著同名漫画 破镜重圆天花板,¥31.00,¥45.00,北南,2022-11-01,北京燕山出版社,十年前的夏天，庄凡心家隔壁搬来一位新邻居。 新邻居骑马、击剑、弹吉他，什么都会，但从见面开始就未露过笑容。 顾拙言，现在你的手牵狗绳、弹吉他，但我希望在不远的将来，你能在这里搭朋友的肩。 不久后，那个初来榕城的冷淡少年，终于重新露出了笑颜。
朝俞1+2套装（全2册）原名伪装学渣 现象级青春小说 木瓜黄现象级小说 精修版感动上市 贺朝×谢俞 双学霸逆袭的励志故事,¥75.60,¥79.60,木瓜黄,2022-01-01,广东旅游出版社,《少年绘》、晋江文学城专版推荐
告白2完结篇 王星越 邓恩熙同名电视剧 赠手绘卡片+告白信+贴纸+婚礼请柬+海报+登机牌+藏书票+书签 应橙暗恋作品新增 新增万字番外和作者后记，特别添加“周京泽追妻三部曲”插画，人气作者应橙温柔、细腻暗恋作品，随书赠周京泽手绘卡片+许随告白信+贴纸+海报+告白日记+婚礼请柬+登机牌+书签+藏书票,¥29.90,¥49.80,应橙 著，磨铁文化 出品,2022-06-30,江苏凤凰文艺出版社,★人气作者应橙温柔、细腻暗恋作品！单平台68万 收藏，首章点击193万 ，非V章均点击91万 ，累计达81亿 积分！深受广大读者的喜爱。 ★新增万字番外和作者后记，新增番外不仅提到了 京随夫妇 浪漫的婚后生活，还补充了周京泽视角；特别添加 周京泽追妻三部曲 拉页插画，绘制了重逢后周京泽再次追求许随的心路历程。 ★双封设计，装帧精美。特邀白茫茫参与封面装帧，知名插画师踏月锦、柠檬漫游、花花子、电磁花森、染烟、七人海、齐桑树等强势加盟，内含8p精美彩插，踏浪而行，为你而来。 ★随书附赠九重好礼：周京泽手绘卡片 许随告白信 贴纸 海报 告白日记 婚礼请柬 登机牌 书签 藏书票。 ★痞帅深情周京泽 温软坚定许随，这是一个关于暗恋的故事，也是一段勇敢的追爱故事。夏天永远热烈，我爱的少年也是。
旧故新长：诗无茶代表作青春文学治愈系小说,¥42.80,¥42.80,诗无茶 著,2024-03-01,长江出版社,
拉勾（全2册）春风榴火作品，网络原名：我是顶流巨星亲孙女 人气作家春风榴火温馨暖萌之作，新增出版小剧场《长命锁》。她就像他混沌的世界里乍现的一道天光，从此以后，前路既明，万物苏醒。随书附赠“听爷爷说”手写信+拉勾海报+Q萌折立卡+异型书签+电子赠品。,¥59.30,¥69.80,春风榴火 著，酷威文化 出品,2022-07-01,江苏凤凰文艺出版社,人气作家春风榴火温馨暖萌之作，网络原名《我是顶流巨星亲孙女》，新增出版小剧场《长命锁》。 天王巨星亲孙女陆粥粥VS邻家天才美少年景绪，她是他的青梅竹马，他是她的终成眷属。 她就像他混沌的世界里乍现的一道天光，从此以后，前路既明，万物苏醒。 从相遇的那天起，往后的漫长时光里。他是陆粥粥心底的，不可言说的秘密。 随书附赠： 听爷爷说 手写信 拉勾海报 Q萌折立卡 异型书签 精美书签 电子赠品
有匪全集（赵丽颖、王一博主演《有翡》原著小说。Priest扛鼎之作，全4册） 赵丽颖、王一博领衔主演，电视剧《有翡》原著小说！人气畅销书作家Priest古言小说扛鼎之作！豆瓣年度读书榜单推荐作品！――愿你在冷铁卷刃前，得以窥见天光。,¥133.00,¥140.00,Priest 著，博集天卷 出品,2017-10-01,湖南文艺出版社,每个人心中都有一个江湖，每个江湖中，都有一段动人心魄的爱情。Priest以犀利的笔锋，写出了她心中那个波澜诡谲的江湖，又用柔软的笔触，描绘出了周翡与谢允之间那段跨越了生与死的爱情传奇。 经一场大梦，梦中见满眼山花如翡，如见故人，喜不自胜。
黄粱遗梦【当当网印签版】人气作家高卧北催泪力作! 人气作家高卧北继《梦蝶庄生》后又一催泪力作！番茄热门小说，9.7高分口碑作品！阳光少女林夕梦vs失忆少年李黄轩，一场倒叙的绝美爱恋。随书赠送“同居”海报+Q版书签+游乐场门票+印特贴纸,¥30.40,¥49.80,高卧北 著,2024-12-28,江苏凤凰文艺出版社,人气作家高卧北继《梦蝶庄生》后又一催泪力作！ 新增《黄粱遗梦》《梦蝶庄生》联动作者印特贴纸，有趣又好玩！ 阳光少女 林夕梦vs失忆少年 李黄轩，一场倒叙的绝美爱恋。 随书赠送 同居 海报*1、Q版书签*1、游乐场门票*1、印特贴纸*1。 番茄热门小说，超5万人在线阅读，9.7分口碑作品！ 封面使用现实与虚拟的交叠设计，重现主角平行时空的相遇时刻。 那一天的春雨，是我人生中最美好的记忆。
伪装学渣未删减12这题超纲了朝俞七芒星逐夏一觉醒来全套完结篇【木瓜黄小说合集】木瓜黄伪装学渣经典青春文学小说作品合集,¥0.01,¥109.60,,,,
那个不为人知的故事 寂静深处有人家 Twentine（无量渡口） 名利场人 朝暮不相迟 以你为名的夏天 她等待刀锋已久,¥24.90起,-,,,,
梦蝶庄生 黄粱遗梦 套装 高卧北,¥54.70,¥99.60,高卧北,2024-09-01,江苏凤凰文艺出版社,
难哄 2册全集 白敬亭章若楠领衔主演电视剧《难哄》原著小说，《偷偷藏不住》姊妹篇 年度爆文，完结篇内含万字网络版未公开番外+作者后记。从年少时的心动，一直持续到现在，再到未来的每一个瞬间。我都只爱你。24年新版,¥66.00,¥102.60,竹已 著，磨铁文化 出品,2024-06-11,江苏凤凰文艺出版社,★内含万字番外 作者后记。部分内容网络版未公开！还有已已亲自讲述写《难哄》的契机和童年小故事。 ★年度爆文，首章点击超500万！单平台超196亿积分，非v章均超199万点击，收藏超168万，各项数据持续飙升中！ 《难哄》长居晋江言情榜单Top1，与作者笔下作品《偷偷藏不住》《折月亮》共同构建成完整的 南芜三部曲 ，蝉联青春文学畅销榜，超人气！ ★装帧升级，细节加倍。外封升级正背印刷，特邀知名画师绘制两幅温馨名场面。腰封封底升级，增加机票设计。内外双封，诚邀多位知名画师加盟装帧绘制，每本内文各含8P彩插，每章节各绘一张精美插图，内文选用80g胶版纸，细腻舒适。 ★随书赠品十四件：毕业快乐纸夹相卡 芭蕾乐谱卡 加班福利拍立得 珍珠贺卡 加班酒吧酒单 光栅纸夹相卡 主题PVC贴纸 2 竹已手写印签明信片 2 新年快乐 海报 时光手账本（共3
神之陨落2 限量印特签 网络名《杀穿副本后，我在规则里养大邪神》番茄小说人气作者白桃呜呜龙无限流大作 战力爆表杀神殷修VS诡秘莫测邪神黎默，双强碰撞，相爱相杀！随赠主角团小卡x3，纸条书签x2，深海学院海报x1，Q版贴纸x1，实体书惊喜解锁IF线番外！,¥30.40,¥49.80,白桃呜呜龙 著；星文文化 出品,2025-08-01,长江出版社,1.番茄小说人气作者白桃呜呜龙双男主无限流大作，网络原名《杀穿副本后我在规则里养大邪神》。40万 在读，3.6万 书评，12.4万读者打出9.7高评分，2024全站排名前五的双男主无限流佳作。连载期间口碑爆棚，微博超话粉丝2.2万 ，引发读者热议！ 2.规则之内，以杀止杀！高冷拽王战力天花板杀神殷修 诡异黑漆漆卖萌邪神黎默，双强碰撞，相爱相杀！ 3.随书附赠主角团小卡x3、 占卜师的纸条 书签x2、 深海学院 海报x1、Q版贴纸x1，实体书惊喜解锁IF线番外！ 4.内外双封设计，外封场景为副本 深海学院 积极紧张的战斗场面，还原度极高，让人一秒入戏，书名烫镭射银，精致高级。彩插及人物插画惊喜还原原著名场面及人物设定，十分值得收藏哦！
网恋被骗八百次 网恋被骗八百次（“社恐小甜甜”游戏高手×“小卷毛霸总”游戏小白，人气作者熊也高口碑出圈之作，甜到转圈，笑到捧腹！全文修订，新增出版番外《鲨鱼小葵的挂件》，随书赠：人物ID卡、游戏登录卡）,¥29.20,¥45.00,熊也，风炫文化 出品,2024-08-15,江苏凤凰文艺出版社,◎人气作者 熊也 高口碑出圈网游代表作《网恋被骗八百次》 ◎网恋选我，我超能打！ 爆梗频出，甜到转圈，笑到捧腹！ ◎口碑出圈佳作，读者安利不断，直呼心中沙雕甜文TOP！ ◎ 一场 猫狗 追逐的网恋逗趣记录，一篇温暖治愈的成人童话！脑回路清奇の游戏高手 项葵 VS 满分 恋爱脑 の游戏小白 越清 ◎精致装帧 书名图案UV 起凸，触感高级，收藏价值高！ 畅销书画师 齐桑树 倾心绘制封面。色彩缤纷的糖果色系，甜蜜一整个夏天！8P游戏主题彩页，还原名场面！ ◎出版全新修订，新增出版番外《鲨鱼小葵的挂件》 恋爱脑是个神奇的东西，连数学题都能解开的你，栽在了网恋的九九八十一难里。 ◎随书赠品：游戏登录卡、人物ID卡
人鱼陷落4（畅销书作者麟潜口碑代表作！当当专享电子屏保） 这是我要教给你的ZUI后一件事，永怀敬畏之心。新增出版番外《蔼蔼观察日记》，附赠双面海报、卡牌两张、“冒泡泡”书签、Q版方卡六张和Q版贴纸。,¥52.80,¥52.80,麟潜 著，博集天卷 出品,2024-03-01,上海文化出版社,★原创人气文学，畅销书作者麟潜口碑代表作。这是我要教给你后一件事，永怀敬畏之心。 ★随书附赠多种赠品：双面海报、卡牌两张、 冒泡泡 书签、Q版方卡六张和Q版贴纸。 ★新增出版番外《蔼蔼观察日记》。 ★内文选用73g米黄胶版纸，质感细腻。内含精美彩插。 ★这是我要教给你的后一件事，永怀敬畏之心。 ★双封设计，书名烫银工艺，精致考究，具有收藏价值。
你说巧不巧 全二册 久别重逢+破镜重圆，双向奔赴的轻松甜暖之作 当当自营 酷帅英勇特警VS美丽飒爽老师，正因我们彼此相爱，才能把巧合，变成命中注定。随书附赠拍立得×2+Q萌折立卡+书签+明信片,¥52.40,¥69.80,张不一 著；星文文化 出品,2023-02-01,江苏凤凰文艺出版社,1.久别重逢 破镜重圆的都市青春言情，双向奔赴的轻松甜暖之作。晋江金榜5万 收藏、9.3评分黑马作品，众多读者倾情推荐！ 2.美丽飒爽老师VS酷帅英勇特警。 身披警装时，他的命是国家和人民的；脱下警装，他的命就是她的。 3.随书附赠拍立得 2 Q萌折立卡 书签 明信片，新增番外，超甜超有爱！ 4.装帧设计精美，封面场景既浪漫又温柔，具有梦幻色彩，彰显天作之合，值得收藏。
绿：陪安东尼度过漫长岁月Ⅳ 全新典藏版,¥26.40,¥48.00,安东尼,2024-01-01,湖南文艺出版社,
扶华合集,¥30.40起,-,,,,
《铜雀锁金钗》民国虐心必看 榜单神作 人气作者 世味煮茶 桀骜不驯司令官 段烨霖 vs 清冷傲人药铺大夫 许少棠,¥24.90,¥42.80,世味煮茶,2024-03-01,中国言实出版社,纵然我们水火难容，我依然庆幸未负当年绮园一面。 桀骜不驯司令官 段烨霖 vs 清冷傲人药铺大夫 许少棠 人气作者 世味煮茶 民国奇案 口碑力作
骄阳似我上下 两册套装 青春言情小说畅销书作家顾漫 宋威龙、赵今麦主演同名电视剧 出版何以笙箫默/微微一笑很倾城/杉杉来吃/你是我的荣耀/等多部人气畅销书的作家顾漫经典不可错过的爱情小说,¥39.60,¥72.00,顾漫 |华文天下出品,2024-02-02,九州出版社,1.出版《何以笙箫默》《微微一笑很倾城》《杉杉来吃》《你是我的荣耀》等多部人气畅销书的作家顾漫经典不可错过的爱情小说！ 2.《骄阳似我》迎来大结局，甜蜜完结，不可错过！ 3.聂曦光 林屿森，携手共进，奔赴 为你而来 的双箭头爱情。 4.质感升级，选用新版内文纸，更护眼。烂漫的环衬纸，增加浪漫氛围。 5. 随书附赠 骄阳似我海报*1、名场景明信片*2！
八月的尾声，宛如世界末日 当当定制爱的箴言贺卡 电击小说大奖得主天泽夏月深情力作BE轻小说TOP 我的恋爱在不经意间亮起星火，转眼间便已成燎原。爱有多重？二十一克的灵魂，是她给予我最滚烫的告白。随书附赠：浪花异形书签+潮汐恋语贴纸+八月末的告别信――酷威文化,¥42.80,¥42.80,[日]天泽夏月 著，酷威文化 出品,2025-09-01,台海出版社,电击小说大奖得主天泽夏月深情力作！令人潸然泪下的青春序曲！BE轻小说TOP！ 日亚4.3星高分推荐，原版加印超15次！日本人气轻小说作家葛城腾成、木立花音倾情推荐！ 我的恋爱在不经意间亮起星火，转眼间便已成燎原。 是你让我的心再次跳动了起来，是你挽救了我那颗命数将尽的心脏。 爱有多重？二十一克的灵魂，是她给予我最滚烫的告白。 随书附赠：浪花异形书签*1 潮汐恋语贴纸*1 八月末的告别信*1
